studie,richting
Bedrijfskunde,economie
Economie en Bedrijfseconomie,economie
Culturele Antropologie en Ontwikkelingssociologie,gedrag en maatschappij
Sociologie,gedrag en maatschappij
Psychologie,gedrag en maatschappij
Politicologie,gedrag en maatschappij
Pedagogische Wetenschappen,gedrag en maatschappij
Communicatiewetenschap,gedrag en maatschappij
Bestuurskunde,gedrag en maatschappij
Sociale Geografie en Planologie,gedrag en maatschappij
"Geografie, Planologie en Milieu",gedrag en maatschappij
Geneeskunde,gezondheidszorg
Tandheelkunde,gezondheidszorg
Biomedische Wetenschappen,gezondheidszorg
Natuurwetenschappen,natuur
Informatiekunde,natuur
Scheikunde,natuur
Biologie,natuur
Science,natuur
Informatica,natuur
Wiskunde,natuur
Kunstmatige Intelligentie,natuur
Natuur- en Sterrenkunde,natuur
Moleculaire Levenswetenschappen,natuur
European Law School,recht
Rechtsgeleerdheid,recht
Rechtsgeleerdheid,recht
Notarieel Recht,recht
Notarieel Recht,recht
Internationaal en Europees Recht,recht
Religiewetenschappen,taal en cultuur
Religiewetenschappen,taal en cultuur
Griekse en Latijnse Taal en Cultuur,taal en cultuur
Geschiedenis,taal en cultuur
Islam en Arabisch,taal en cultuur
Romaanse Talen en Culturen,taal en cultuur
Wijsbegeerte,taal en cultuur
Theologie,taal en cultuur
Theologie,taal en cultuur
Taal- en Cultuurstudies,taal en cultuur
Taalwetenschap,taal en cultuur
Nederlandse Taal en Cultuur,taal en cultuur
Duitse Taal en Cultuur,taal en cultuur
Engelse Taal en Cultuur,taal en cultuur
Algemene Cultuurwetenschappen,taal en cultuur
Kunstgeschiedenis,taal en cultuur
Communicatie- en Informatiewetenschappen,taal en cultuur
Communicatiewetenschappen,landbouw en natuurlijke omgeving
Gezondheid en Maatschappij,landbouw en natuurlijke omgeving
Internationaal Land- en Waterbeheer,landbouw en natuurlijke omgeving
Economie en Beleid,landbouw en natuurlijke omgeving
Bos- en Natuurbeheer,landbouw en natuurlijke omgeving
Milieuwetenschappen,landbouw en natuurlijke omgeving
Agrotechnologie,landbouw en natuurlijke omgeving
Plantenwetenschappen,landbouw en natuurlijke omgeving
Bedrijfs- en Consumentenwetenschappen,landbouw en natuurlijke omgeving
Internationale Ontwikkelingsstudies,landbouw en natuurlijke omgeving
Biotechnologie,landbouw en natuurlijke omgeving
Landschapsarchitectuur en ruimtelijke planning,landbouw en natuurlijke omgeving
Dierwetenschappen,landbouw en natuurlijke omgeving
Biologie,landbouw en natuurlijke omgeving
Voeding en Gezondheid,landbouw en natuurlijke omgeving
"Bodem, Water, Atmosfeer",landbouw en natuurlijke omgeving
Levensmiddelentechnologie,landbouw en natuurlijke omgeving
Moleculaire Levenswetenschappen,landbouw en natuurlijke omgeving
Tourism (joint degree),sectoroverstijgend
International Business,economie
Accountancy en Controlling,economie
Bedrijfskunde,economie
Bedrijfseconomie,economie
Economie en Bedrijfseconomie,economie
Technologie Management,economie
Fiscale Economie,economie
Econometrie en Operationele Research,economie
Technische Planologie,gedrag en maatschappij
Sociologie,gedrag en maatschappij
Psychologie,gedrag en maatschappij
Psychologie,gedrag en maatschappij
Pedagogische Wetenschappen,gedrag en maatschappij
Sociale Geografie en Planologie,gedrag en maatschappij
Geneeskunde,gezondheidszorg
Tandheelkunde,gezondheidszorg
Bewegingswetenschappen,gezondheidszorg
Sterrenkunde,natuur
Natuurkunde,natuur
Farmacie,natuur
Life Science and Technology,natuur
Informatiekunde,natuur
Scheikunde,natuur
Biologie,natuur
Informatica,natuur
Wiskunde,natuur
Kunstmatige Intelligentie,natuur
Farmaceutische Wetenschappen,natuur
European Law School,recht
Recht en ICT,recht
Recht en ICT,recht
Rechtsgeleerdheid,recht
Rechtsgeleerdheid,recht
Recht en Bestuur,recht
Recht en Bestuur,recht
Fiscaal Recht,recht
Fiscaal Recht,recht
Notarieel Recht,recht
Notarieel Recht,recht
Internationaal en Europees Recht,recht
Liberal Arts and Sciences,sectoroverstijgend
English Language and Culture,taal en cultuur
American Studies,taal en cultuur
Internationale Betrekkingen en Internationale Organisatie,taal en cultuur
"Kunsten, Cultuur en Media",taal en cultuur
Religiewetenschappen,taal en cultuur
Religiewetenschappen,taal en cultuur
Media en Cultuur,taal en cultuur
Griekse en Latijnse Taal en Cultuur,taal en cultuur
Griekse en Latijnse Taal en Cultuur,taal en cultuur
Minorities & Multilingualism,taal en cultuur
Minorities & Multilingualism,taal en cultuur
Geschiedenis,taal en cultuur
Geschiedenis,taal en cultuur
Romaanse Talen en Culturen,taal en cultuur
Wijsbegeerte,taal en cultuur
Wijsbegeerte,taal en cultuur
Midden-Oostenstudies,taal en cultuur
Godsdienstwetenschap,taal en cultuur
Godsdienstwetenschap,taal en cultuur
Theologie,taal en cultuur
Theologie,taal en cultuur
Europese Talen en Culturen,taal en cultuur
Archeologie,taal en cultuur
Taalwetenschap,taal en cultuur
Nederlandse Taal en Cultuur,taal en cultuur
Duitse Taal en Cultuur,taal en cultuur
Engelse Taal en Cultuur,taal en cultuur
Scandinavische Talen en Culturen,taal en cultuur
Slavische Talen en Culturen,taal en cultuur
Finoegrische Talen en Culturen,taal en cultuur
Talen en Culturen van het Midden-Oosten,taal en cultuur
Kunstgeschiedenis,taal en cultuur
Communicatie- en Informatiewetenschappen,taal en cultuur
Wijsbegeerte van een Bepaald Wetenschapsgebied,taal en cultuur
Wijsbegeerte van een Bepaald Wetenschapsgebied,taal en cultuur
Scheikundige Technologie,techniek
Technische Natuurkunde,techniek
Technische Wiskunde,techniek
Technische Bedrijfskunde,techniek
International Business,economie
Economie en Bedrijfseconomie,economie
Fiscale Economie,economie
Econometrie en Operationele Research,economie
Europese Studies,gedrag en maatschappij
Psychologie,gedrag en maatschappij
European Public Health,gezondheidszorg
Geneeskunde,gezondheidszorg
Gezondheidswetenschappen,gezondheidszorg
Biomedische Wetenschappen,gezondheidszorg
Kennistechnologie,natuur
European Law School,recht
Rechtsgeleerdheid,recht
Rechtsgeleerdheid,recht
Fiscaal Recht,recht
Liberal Arts and Sciences,sectoroverstijgend
Cultuurwetenschappen,taal en cultuur
Industrial Design,techniek
Biomedische Technologie,techniek
Biomedische Technologie,techniek
Technische Innovatiewetenschappen,techniek
Technische Innovatiewetenschappen,techniek
Bouwkunde,techniek
Bouwkunde,techniek
Electrical Engineering,techniek
Electrical Engineering,techniek
Scheikundige Technologie,techniek
Scheikundige Technologie,techniek
Technische Natuurkunde,techniek
Technische Natuurkunde,techniek
Technische Informatica,techniek
Technische Informatica,techniek
Technische Wiskunde,techniek
Technische Wiskunde,techniek
Werktuigbouwkunde,techniek
Werktuigbouwkunde,techniek
Technische Bedrijfskunde,techniek
International Business,economie
Bedrijfseconomie,economie
Economie en Bedrijfseconomie,economie
International Business Administration,economie
Economie,economie
Fiscale Economie,economie
Econometrie en Operationele Research,economie
Organisatiewetenschappen,gedrag en maatschappij
Personeelwetenschappen,gedrag en maatschappij
Vrijetijdwetenschappen,gedrag en maatschappij
Sociologie,gedrag en maatschappij
Psychologie,gedrag en maatschappij
Bestuurskunde,gedrag en maatschappij
Economie en Informatica,natuur
Rechtsgeleerdheid,recht
Rechtsgeleerdheid,recht
Ondernemingsrecht,recht
Global Law,recht
Fiscaal Recht,recht
Fiscaal Recht,recht
Internationaal en Europees Recht,recht
Liberal Arts and Sciences,sectoroverstijgend
Religie in Samenleving en Cultuur,taal en cultuur
Religie in Samenleving en Cultuur,taal en cultuur
Wijsbegeerte,taal en cultuur
Wijsbegeerte,taal en cultuur
Theologie,taal en cultuur
Theologie,taal en cultuur
Algemene Cultuurwetenschappen,taal en cultuur
Algemene Cultuurwetenschappen,taal en cultuur
Communicatie- en Informatiewetenschappen,taal en cultuur
Communicatie- en Informatiewetenschappen,taal en cultuur
Economie en Bedrijfskunde,economie
Fiscale Economie,economie
Actuariele Wetenschappen,economie
Econometrie en Operationele Research,economie
Culturele Antropologie en Ontwikkelingssociologie,gedrag en maatschappij
Culturele Antropologie en Ontwikkelingssociologie,gedrag en maatschappij
Sociologie,gedrag en maatschappij
Sociologie,gedrag en maatschappij
Psychologie,gedrag en maatschappij
Psychologie,gedrag en maatschappij
Politicologie,gedrag en maatschappij
Politicologie,gedrag en maatschappij
Pedagogische Wetenschappen,gedrag en maatschappij
Onderwijskunde,gedrag en maatschappij
Communicatiewetenschap,gedrag en maatschappij
Communicatiewetenschap,gedrag en maatschappij
Algemene Sociale Wetenschappen,gedrag en maatschappij
Sociale Geografie en Planologie,gedrag en maatschappij
Sociale Geografie en Planologie,gedrag en maatschappij
Geneeskunde,gezondheidszorg
Tandheelkunde,gezondheidszorg
Medische Informatiekunde,gezondheidszorg
Biomedische Wetenschappen,gezondheidszorg
Bio-exact,natuur
Psychobiologie,natuur
Beta-gamma,natuur
Informatiekunde,natuur
Scheikunde,natuur
Biologie,natuur
Informatica,natuur
Wiskunde,natuur
Kunstmatige Intelligentie,natuur
Natuur- en Sterrenkunde,natuur
Aardwetenschappen,natuur
Rechtsgeleerdheid,recht
Rechtsgeleerdheid,recht
Fiscaal Recht,recht
Fiscaal Recht,recht
Notarieel Recht,recht
Notarieel Recht,recht
Liberal Arts and Sciences,sectoroverstijgend
Future Planet Studies,sectoroverstijgend
Liberal Arts and Sciences (joint degree),sectoroverstijgend
"Politics, Psychology, Law and Economics",sectoroverstijgend
Media en informatie,taal en cultuur
Media en informatie,taal en cultuur
Hebreeuwse Taal en Cultuur,taal en cultuur
Hebreeuwse Taal en Cultuur,taal en cultuur
Religiewetenschappen,taal en cultuur
Religiewetenschappen,taal en cultuur
Media en Cultuur,taal en cultuur
Griekse en Latijnse Taal en Cultuur,taal en cultuur
Griekse en Latijnse Taal en Cultuur,taal en cultuur
Geschiedenis,taal en cultuur
Geschiedenis,taal en cultuur
Arabische Taal en Cultuur,taal en cultuur
Arabische Taal en Cultuur,taal en cultuur
Europese Studies,taal en cultuur
Wijsbegeerte,taal en cultuur
Wijsbegeerte,taal en cultuur
Muziekwetenschap,taal en cultuur
Muziekwetenschap,taal en cultuur
Theaterwetenschap,taal en cultuur
Theaterwetenschap,taal en cultuur
Literatuurwetenschap,taal en cultuur
Literatuurwetenschap,taal en cultuur
Taalwetenschap,taal en cultuur
Taalwetenschap,taal en cultuur
Nederlandse Taal en Cultuur,taal en cultuur
Nederlandse Taal en Cultuur,taal en cultuur
Duitse Taal en Cultuur,taal en cultuur
Duitse Taal en Cultuur,taal en cultuur
Engelse Taal en Cultuur,taal en cultuur
Engelse Taal en Cultuur,taal en cultuur
Scandinavische Talen en Culturen,taal en cultuur
Scandinavische Talen en Culturen,taal en cultuur
Franse Taal en Cultuur,taal en cultuur
Franse Taal en Cultuur,taal en cultuur
Italiaanse Taal en Cultuur,taal en cultuur
Italiaanse Taal en Cultuur,taal en cultuur
Spaanse Taal en Cultuur,taal en cultuur
Spaanse Taal en Cultuur,taal en cultuur
Roemeense Taal en Cultuur,taal en cultuur
Roemeense Taal en Cultuur,taal en cultuur
Slavische Talen en Culturen,taal en cultuur
Slavische Talen en Culturen,taal en cultuur
Nieuwgriekse Taal en Cultuur,taal en cultuur
Nieuwgriekse Taal en Cultuur,taal en cultuur
Latijnse Taal en Cultuur,taal en cultuur
Latijnse Taal en Cultuur,taal en cultuur
Algemene Cultuurwetenschappen,taal en cultuur
Kunstgeschiedenis,taal en cultuur
Kunstgeschiedenis,taal en cultuur
Archeologie en Prehistorie,taal en cultuur
Bedrijfskunde,economie
Economie en Bedrijfseconomie,economie
International Business Administration,economie
Econometrie en Operationele Research,economie
Bestuurs- en Organisatiewetenschap,gedrag en maatschappij
Culturele Antropologie en Ontwikkelingssociologie,gedrag en maatschappij
Criminologie,gedrag en maatschappij
Criminologie,gedrag en maatschappij
Sociologie,gedrag en maatschappij
Psychologie,gedrag en maatschappij
Politicologie,gedrag en maatschappij
Pedagogische Wetenschappen,gedrag en maatschappij
Communicatiewetenschap,gedrag en maatschappij
Gezondheid en Leven,gezondheidszorg
Geneeskunde,gezondheidszorg
Gezondheidswetenschappen,gezondheidszorg
Tandheelkunde,gezondheidszorg
Bewegingswetenschappen,gezondheidszorg
Biomedische Wetenschappen,gezondheidszorg
Computer Science,natuur
Aarde en Economie,natuur
"Science, Business & Innovation",natuur
Medische Natuurwetenschappen,natuur
Business Analytics,natuur
Business Analytics,natuur
Business Analytics,natuur
Scheikunde,natuur
Biologie,natuur
"Informatie, Multimedia en Management",natuur
Informatica,natuur
Wiskunde,natuur
Wiskunde,natuur
Lifestyle Informatics,natuur
Natuur- en Sterrenkunde,natuur
Aardwetenschappen,natuur
Farmaceutische Wetenschappen,natuur
Rechtsgeleerdheid,recht
Rechtsgeleerdheid,recht
Notarieel Recht,recht
Notarieel Recht,recht
Liberal Arts and Sciences,sectoroverstijgend
Liberal Arts and Sciences (joint degree),sectoroverstijgend
Religiewetenschappen,taal en cultuur
Religiewetenschappen,taal en cultuur
Theologie (joint degree),taal en cultuur
Theologie (joint degree),taal en cultuur
"Media, Kunst, Design en Architectuur",taal en cultuur
Literatuur en Samenleving,taal en cultuur
Griekse en Latijnse Taal en Cultuur,taal en cultuur
Griekse en Latijnse Taal en Cultuur,taal en cultuur
Geschiedenis,taal en cultuur
Geschiedenis,taal en cultuur
Wijsbegeerte,taal en cultuur
Wijsbegeerte,taal en cultuur
Theologie,taal en cultuur
Theologie,taal en cultuur
Religie en Levensbeschouwing,taal en cultuur
Religie en Levensbeschouwing,taal en cultuur
Archeologie,taal en cultuur
Archeologie,taal en cultuur
Oudheidkunde,taal en cultuur
Oudheidkunde,taal en cultuur
Literatuurwetenschap,taal en cultuur
Literatuurwetenschap,taal en cultuur
Taalwetenschap,taal en cultuur
Taalwetenschap,taal en cultuur
Nederlandse Taal en Cultuur,taal en cultuur
Nederlandse Taal en Cultuur,taal en cultuur
Engelse Taal en Cultuur,taal en cultuur
Engelse Taal en Cultuur,taal en cultuur
Franse Taal en Cultuur,taal en cultuur
Franse Taal en Cultuur,taal en cultuur
Algemene Cultuurwetenschappen,taal en cultuur
Algemene Cultuurwetenschappen,taal en cultuur
Kunstgeschiedenis,taal en cultuur
Kunstgeschiedenis,taal en cultuur
Communicatie- en Informatiewetenschappen,taal en cultuur
Communicatie- en Informatiewetenschappen,taal en cultuur
Bedrijfskunde,economie
International Business Administration,economie
Psychologie,gedrag en maatschappij
Onderwijskunde,gedrag en maatschappij
Communicatiewetenschap,gedrag en maatschappij
Bestuurskunde,gedrag en maatschappij
European Public Administration,gedrag en maatschappij
Klinische Technologie,gezondheidszorg
Gezondheidswetenschappen,gezondheidszorg
Technology and Liberal Arts & Sciences,sectoroverstijgend
Advanced Technology,techniek
Creative Technology,techniek
Bedrijfsinformatie-technologie,techniek
Biomedische Technologie,techniek
Telematica,techniek
Civiele Techniek,techniek
Electrical Engineering,techniek
Industrieel Ontwerpen,techniek
Scheikundige Technologie,techniek
Technische Natuurkunde,techniek
Technische Informatica,techniek
Technische Wiskunde,techniek
Werktuigbouwkunde,techniek
Technische Bedrijfskunde,techniek
Economie en Bedrijfseconomie,economie
Bestuurs- en Organisatiewetenschap,gedrag en maatschappij
Culturele Antropologie en Ontwikkelingssociologie,gedrag en maatschappij
Sociologie,gedrag en maatschappij
Psychologie,gedrag en maatschappij
Pedagogische Wetenschappen,gedrag en maatschappij
Onderwijskunde,gedrag en maatschappij
Onderwijskunde,gedrag en maatschappij
Algemene Sociale Wetenschappen,gedrag en maatschappij
Sociale Geografie en Planologie,gedrag en maatschappij
Sociale Geografie en Planologie,gedrag en maatschappij
Milieu-maatschappijwetenschappen,gedrag en maatschappij
Geneeskunde,gezondheidszorg
Diergeneeskunde,gezondheidszorg
Biomedische Wetenschappen,gezondheidszorg
Farmacie,natuur
Informatiekunde,natuur
Scheikunde,natuur
Biologie,natuur
Informatica,natuur
Wiskunde,natuur
Kunstmatige Intelligentie,natuur
Natuurwetenschap en Innovatiemanagement,natuur
Natuur- en Sterrenkunde,natuur
Aardwetenschappen,natuur
Milieu-natuurwetenschappen,natuur
Rechtsgeleerdheid,recht
Rechtsgeleerdheid,recht
Liberal Arts and Sciences,sectoroverstijgend
"Theater-, Film- en Televisiewetenschap",taal en cultuur
Religiewetenschappen,taal en cultuur
Religiewetenschappen,taal en cultuur
Media en Cultuur,taal en cultuur
Geschiedenis,taal en cultuur
Geschiedenis,taal en cultuur
Arabische Taal en Cultuur,taal en cultuur
Islam en Arabisch,taal en cultuur
Wijsbegeerte,taal en cultuur
Wijsbegeerte,taal en cultuur
Keltische Talen en Cultuur,taal en cultuur
Godgeleerdheid,taal en cultuur
Godgeleerdheid,taal en cultuur
Muziekwetenschap,taal en cultuur
Taal- en Cultuurstudies,taal en cultuur
Literatuurwetenschap,taal en cultuur
Taalwetenschap,taal en cultuur
Nederlandse Taal en Cultuur,taal en cultuur
Nederlandse Taal en Cultuur,taal en cultuur
Duitse Taal en Cultuur,taal en cultuur
Engelse Taal en Cultuur,taal en cultuur
Franse Taal en Cultuur,taal en cultuur
Italiaanse Taal en Cultuur,taal en cultuur
Spaanse Taal en Cultuur,taal en cultuur
Portugese Taal en Cultuur,taal en cultuur
Kunstgeschiedenis,taal en cultuur
Kunstgeschiedenis,taal en cultuur
Communicatie- en Informatiewetenschappen,taal en cultuur
Klinische Technologie (joint degree),gezondheidszorg
Nanobiologie (joint degree),techniek
Life Science and Technology,techniek
Bouwkunde,techniek
Civiele Techniek,techniek
Electrical Engineering,techniek
Industrieel Ontwerpen,techniek
Luchtvaart- en Ruimtevaarttechniek,techniek
Maritieme Techniek,techniek
Technische Aardwetenschappen,techniek
Technische Natuurkunde,techniek
Technische Informatica,techniek
Technische Wiskunde,techniek
Werktuigbouwkunde,techniek
Technische Bestuurskunde,techniek
Molecular Science and Technology,techniek
Culturele Antropologie en Ontwikkelingssociologie,gedrag en maatschappij
Criminologie,gedrag en maatschappij
Criminologie,gedrag en maatschappij
Psychologie,gedrag en maatschappij
Psychologie,gedrag en maatschappij
Politicologie,gedrag en maatschappij
Pedagogische Wetenschappen,gedrag en maatschappij
Pedagogische Wetenschappen,gedrag en maatschappij
Bestuurskunde,gedrag en maatschappij
Geneeskunde,gezondheidszorg
Biomedische Wetenschappen,gezondheidszorg
Sterrenkunde,natuur
Sterrenkunde,natuur
Natuurkunde,natuur
Bio-Farmaceutische Wetenschappen,natuur
Life Science and Technology,natuur
Biologie,natuur
Informatica,natuur
Informatica,natuur
Wiskunde,natuur
Wiskunde,natuur
Molecular Science and Technology,natuur
Rechtsgeleerdheid,recht
Rechtsgeleerdheid,recht
Fiscaal Recht,recht
Fiscaal Recht,recht
Notarieel Recht,recht
Notarieel Recht,recht
Liberal Arts and Sciences: Global Challenges,sectoroverstijgend
International Studies,sectoroverstijgend
Talen en Culturen van Mesopotamie en Anatolie,taal en cultuur
Hebreeuwse en Joodse Studies,taal en cultuur
Wereldgodsdiensten,taal en cultuur
Wereldgodsdiensten,taal en cultuur
Ruslandkunde,taal en cultuur
Vergelijkende Indo-Europese Taalwetenschap,taal en cultuur
Film- en Literatuurwetenschap,taal en cultuur
Russische Studies,taal en cultuur
Religiewetenschappen,taal en cultuur
Religiewetenschappen,taal en cultuur
Griekse en Latijnse Taal en Cultuur,taal en cultuur
Egyptische Taal en Cultuur,taal en cultuur
Talen en Culturen van Indonesie,taal en cultuur
Geschiedenis,taal en cultuur
Geschiedenis,taal en cultuur
Talen en Culturen van India en Tibet,taal en cultuur
Latijns-Amerikastudies,taal en cultuur
Nederlandkunde/Dutch Studies,taal en cultuur
Wijsbegeerte,taal en cultuur
Wijsbegeerte,taal en cultuur
Midden-Oostenstudies,taal en cultuur
Zuid- en Zuidoost-Aziestudies,taal en cultuur
Godgeleerdheid,taal en cultuur
Godgeleerdheid,taal en cultuur
Islamstudies,taal en cultuur
Islamstudies,taal en cultuur
Oude Culturen van de Mediterrane Wereld,taal en cultuur
Archeologie,taal en cultuur
Taalwetenschap,taal en cultuur
Nederlandse Taal en Cultuur,taal en cultuur
Duitse Taal en Cultuur,taal en cultuur
Engelse Taal en Cultuur,taal en cultuur
Engelse Taal en Cultuur,taal en cultuur
Franse Taal en Cultuur,taal en cultuur
Franse Taal en Cultuur,taal en cultuur
Italiaanse Taal en Cultuur,taal en cultuur
Slavische Talen en Culturen,taal en cultuur
Chinastudies,taal en cultuur
Japanstudies,taal en cultuur
Koreastudies,taal en cultuur
Afrikaanse talen en culturen,taal en cultuur
Kunstgeschiedenis,taal en cultuur
Kunstgeschiedenis,taal en cultuur
Bedrijfskunde,economie
Economie en Bedrijfseconomie,economie
Economie en Bedrijfseconomie,economie
Economie en Informatica,economie
International Business Administration,economie
Fiscale Economie,economie
Econometrie en Operationele Research,economie
International Bachelor's Programme in Communication and Media,gedrag en maatschappij
Criminologie,gedrag en maatschappij
Criminologie,gedrag en maatschappij
Sociologie,gedrag en maatschappij
Sociologie,gedrag en maatschappij
Psychologie,gedrag en maatschappij
Pedagogische Wetenschappen,gedrag en maatschappij
Bestuurskunde,gedrag en maatschappij
Geneeskunde,gezondheidszorg
Gezondheidswetenschappen,gezondheidszorg
Rechtsgeleerdheid,recht
Rechtsgeleerdheid,recht
Fiscaal Recht,recht
Fiscaal Recht,recht
Liberal Arts and Sciences,sectoroverstijgend
Geschiedenis,taal en cultuur
Geschiedenis,taal en cultuur
Wijsbegeerte,taal en cultuur
Wijsbegeerte,taal en cultuur
Algemene Cultuurwetenschappen,taal en cultuur
Wijsbegeerte van een Bepaald Wetenschapsgebied,taal en cultuur
Nanobiologie (joint degree),techniek
